{"graph": {"_type": "graph-file", "path": "media/graph/graph_summary_4da98a02c8a34536e4d9.graph.json", "sha256": "4da98a02c8a34536e4d973948e91caa27c99b756a510998e72f2f0d5e1a2a613", "size": 9220}, "epoch": 3, "_timestamp": 1646314675, "_runtime": 5217, "loss": 0.17912401258945465, "rmse": 0.4232305586338043, "val_loss": 0.18163692951202393, "val_rmse": 0.42618879675865173, "_step": 3, "best_val_loss": 0.18163692951202393, "best_epoch": 3}