{"graph": {"_type": "graph-file", "path": "media/graph/graph_summary_74b6d8a8c1fd191b101d.graph.json", "sha256": "74b6d8a8c1fd191b101d003734840b31569005c31ca1eba8a0be2b573750dc61", "size": 9052}, "epoch": 212, "_timestamp": 1646646761, "_runtime": 5088, "loss": 0.09044689685106277, "rmse": 0.3007439374923706, "val_loss": 0.0540706031024456, "val_rmse": 0.23253092169761658, "_step": 212, "best_val_loss": 0.05365403741598129, "best_epoch": 162}