{"graph": {"_type": "graph-file", "path": "media/graph/graph_summary_74b6d8a8c1fd191b101d.graph.json", "sha256": "74b6d8a8c1fd191b101d003734840b31569005c31ca1eba8a0be2b573750dc61", "size": 9052}, "epoch": 265, "_timestamp": 1646458712, "_runtime": 6664, "loss": 0.14022815227508545, "rmse": 0.3744705617427826, "val_loss": 0.1504097580909729, "val_rmse": 0.3878270387649536, "_step": 265, "best_val_loss": 0.14920593798160553, "best_epoch": 215, "_wandb": {"runtime": 6620}}