{"graph": {"_type": "graph-file", "path": "media/graph/graph_summary_74b6d8a8c1fd191b101d.graph.json", "sha256": "74b6d8a8c1fd191b101d003734840b31569005c31ca1eba8a0be2b573750dc61", "size": 9052}, "epoch": 317, "_timestamp": 1646339090, "_runtime": 24315, "loss": 0.1364368498325348, "rmse": 0.3693735897541046, "val_loss": 0.1576215922832489, "val_rmse": 0.3970160186290741, "_step": 317, "best_val_loss": 0.15170803666114807, "best_epoch": 267, "_wandb": {"runtime": 24343}}