{"graph": {"_type": "graph-file", "path": "media/graph/graph_summary_74b6d8a8c1fd191b101d.graph.json", "sha256": "74b6d8a8c1fd191b101d003734840b31569005c31ca1eba8a0be2b573750dc61", "size": 9052}, "epoch": 250, "_timestamp": 1646393400, "_runtime": 16814, "loss": 0.13819634914398193, "rmse": 0.371747761964798, "val_loss": 0.1662711501121521, "val_rmse": 0.40776339173316956, "_step": 250, "best_val_loss": 0.15341584384441376, "best_epoch": 200, "_wandb": {"runtime": 16729}}